image name,type,Descripción,Category,Material,Precio (Colones)
744100161906,jpg,Jugo Dos Pinos Naranja 100% Natural - 1800 ml ,Bebibas,Botella de plástico,2595
744107412727,jpg,Agua De Pipa – 1800 ml,Bebibas,Botella de plástico,4100
1630016574,jpg,Jugo Florida Natural Naranja No Pulp – 2630 ml,Bebibas,Botella de plástico,6650
4850020277,jpg,Jugo Naranja Con Calcio Tropicana – 1530 ml,Bebibas,Botella de plástico,3550
744107411249,jpg,Agua De Pipa – 8 oz,Bebibas,Botella de plástico,900
4850020276,jpg,Jugo Naranja Mucha Pulpa Tropican – 1530 ml,Bebibas,Botella de plástico,3550
744107413164,jpg,Jugo De Limón – 360 ml,Bebibas,Botella de plástico,2000
4850020274,jpg,Jugo De Naranja Sin Pulpa Tropicana – 1530 ml,Bebibas,Botella de plástico,3550
4850020275,jpg,Jugo De Naranja Pulpa Tropicana – 1530 ml,Bebibas,Botella de plástico,3550
744107411248,jpg,Agua De Pipa – 930 ml,Bebibas,Botella de plástico,2880
744100161902,jpg,Jugo Dos Pinos Naranja Natural – 250 ml ,Bebibas,Tetra brick,450
744100161913,jpg,Jugo De Naranja Con Zanahoria – 250 ml,Bebibas,Tetra brick,451
1630016828,jpg,Jugo Florida Natural Naranja  – 1500 ml,Bebibas,Tetra brick,3620
1630016825,jpg,Jugo Floridas Natural Toronja – 1500 ml,Bebibas,Tetra brick,3550
1630016831,jpg,Jugo Florida Natural Naranja Some Pulp  – 1500 ml,Bebibas,Tetra brick,3500
744100161808,jpg,Refresco Dos Pinos Disfruta Mix Frutas – 1800 ml,Bebibas,Tetra brick,1030
744101351203,jpg,Refresco Coronado Naranja – 3785 ml,Bebibas,Botella de plástico,2050
744100163252,jpg,Jugo Dos Pinos Naranja - 1800 ml ,Bebibas,Tetra brick,2750
744100161928,jpg,Jugo Dos Pinos Naranja Con Zanahoria – 1800 ml,Bebibas,Tetra brick,1720
1630016575,jpg,Jugo Florida Natural Naranja Some Pulp,Bebibas,Botella de plástico,6650
744100161927,jpg,Jugo Dos Pinos Naranja - 1800 ml ,Bebibas,Tetra brick,1640
744100161904,jpg,Jugo Dos Pinos Naranja Refrigerada – 1000 ml,Bebibas,Tetra brick,880
744100161903,jpg,Jugo Dos Pinos Naranja Pure – 500 ml,Bebibas,Tetra brick,730
744100161553,jpg,Refresco Dos Pinos Mix Frutas – 946 ml,Bebibas,Tetra brick,540
744101350203,jpg,Refresco Coronado Naranja – 1800 ml,Bebibas,Tetra brick,1120
744100161914,jpg,Jugo Dos Pinos Naranja Con Zanahoria – 1000 ml,Bebibas,Tetra brick,960
744100162727,jpg,Jugo Dos Pinos Naranja Y Maracuya Energi – 986 ml,Bebibas,Tetra brick,1095
744100162728,jpg,Jugo Dos Pinos Manzana Y Mora Defensas – 986 ml,Bebibas,Tetra brick,1095
1630016902,jpg,Limonada Florida Natural Con Fresa – 1750 ml,Bebibas,Botella de plástico,4000
76400904034,jpg,Te Tropical Limon Cero Pet – 500 ml,Bebibas,Botella de plástico,600
76400904033,jpg,Te Tropical Limon Cero Pet – 2500 ml,Bebibas,Botella de plástico,1000
76400946271,jpg,Refresco Tropical Frutas Mixtas – 350 ml,Bebibas,Botella de plástico,600
76400901504,jpg,Refresco Tropical Te Blanco Pet – 1000 ml,Bebibas,Botella de plástico,1000
744100161900,jpg,Jugo Dos Pinos Naranja Tetra – 1000 ml,Bebibas,Tetra brick,950
744100161896,jpg,Jugo Dos Pinos 100% Naranja Tetra – 1000 ml,Bebibas,Tetra brick,1030
744100161895,jpg,Jugo Dos Pinos 100% Naranja Tetra – 250 ml,Bebibas,Tetra brick,370
744100161901,jpg,Jugo Dos Pinos Naranja Tetra – 250 ml,Bebibas,Tetra brick,380
744100356013,jpg,Jugo Del Valle Fresh Naranja Pet – 3000 ml,Bebibas,Botella de plástico,1100
744100160444,jpg,Jugo Dos Pinos Naranja Bote – 2200 ml,Bebibas,Botella de plástico,1290
744100161656,jpg,3 Pack Jugo Dos Pinos Naranja – 1000 ml,Bebibas,Tetra brick,2320
744100161662,jpg,6 Pack Jugo Dos Pinos Naranja – 1000 ml,Bebibas,Tetra brick,5300
744100350320,jpg,Jugo Del Valle De Naranja Sunfrut – 250 ml,Bebibas,Tetra brick,390
7874243295,jpg,Jugo Great Value Uva Arandano – 3780 ml,Bebibas,Botella de plástico,3500
76400901164,jpg,Refresco Tampico Citrus Naranja – 2500 ml,Bebibas,Botella de plástico,1020
7874208710,jpg,Jugo Great Value Arandanos Meliciton – 1890 ml,Bebibas,Botella de plástico,2400
744100160532,jpg,6 Pack Jugo Dos Pinos Naranja – 1000 ml,Bebibas,Tetra brick,4850
744100173050,jpg,Jugo Sunfrut Naranja – 1000 ml,Bebibas,Tetra brick,965
744100162003,jpg,3 Pack Jugo Dos Pinos Naranja – 1000 ml,Bebibas,Tetra brick,2690
744100161321,jpg,6 Pack Jugo Dos Pinos Naranja – 250 ml,Bebibas,Tetra brick,1790
744100162619,jpg,Delicitrus Dos Pinos Limon Toronja – 3000 ml,Bebibas,Botella de plástico,950
7874237399,jpg,Jugo Great Value Arandano – 3780,Bebibas,Botella de plástico,3000
7874237407,jpg,Jugo Great Value Arandano Manzana – 3.78 lt,Bebibas,Botella de plástico,3000
7874243194,jpg,Jugo Great Value Arandano Light – 1890 ml,Bebibas,Botella de plástico,2500
7874222597,jpg,Jugo Great Value Arandano – 1890 ml,Bebibas,Botella de plástico,2400
7535511276,jpg,Jugo Old Orchard Arandano – 1890 ml,Bebibas,Botella de plástico,2220
7874222689,jpg,Jugo Great Value Uva Acida – 1.89 lt,Bebibas,Botella de plástico,2250
744100161899,jpg,2 Pack Jugo Dos Pinos Naranja – 1000 ml,Bebibas,Tetra brick,1660
740618900857,jpg,Bebida De La Granja Naranja – 500 ml,Bebibas,Botella de plástico,530
60538892646,jpg,Jugo Great Value Naranja – 1000 ml,Bebibas,Tetra brick,770
744100170006,jpg,Refresco Ji-C Melocoton – 250 ml,Bebibas,Tetra brick,400
4180030610,jpg,Jugo De Uva Welchs – 200 ml,Bebibas,Tetra brick,480
744100162001,jpg,Jugo Dos Pinos 100% Manzana – 250 ml,Bebibas,Tetra brick,510
7874208819,jpg,Jugo Great Value De Manzana – 1890 ml,Bebibas,Botella de plástico,2450
3120020300,jpg,Jugo Oceans Spray De Arandano – 3000 ml,Bebibas,Botella de plástico,5300
3120020007,jpg,Jugo Oceans Spray De Arandano – 1890 ml,Bebibas,Botella de plástico,2980
3120034227,jpg,Jugo Oceans Spray De Arandano Light – 1890 ml,Bebibas,Botella de plástico,2980
4180020750,jpg,Jugo Welchs De Uva – 1892 ml,Bebibas,Botella de plástico,3750
4180021800,jpg,Jugo De Uva Welchs – 1360 ml,Bebibas,Botella de plástico,3350
4180020058,jpg,Jugo Welchs De Uva – 1890 ml,Bebibas,Botella de plástico,4050
744100162006,jpg,Jugo Dos Pinos 100% Manzana – 1000 ml,Bebibas,Tetra brick,1470
744100161924,jpg,Jugo Dos Pinos 100% Uva – 1000 ml,Bebibas,Tetra brick,2460
744100170004,jpg,Refresco Hi-C Manzana 250 ml,Bebibas,Tetra brick,350
744100170002,jpg,Refresco Hi-C Frutas – 250 ml,Bebibas,Tetra brick,350
7535511213,jpg,Jugo Old Orchard 100% Manzana – 1890 ml,Bebibas,Botella de plástico,1900
7535511451,jpg,Jugo Old Orchard 100% Manzana – 2840 ml,Bebibas,Botella de plástico,3200
7874222690,jpg,Jugo Great Value U – 1890 ml,Bebibas,Botella de plástico,2450
744100173003,jpg,Refresco Hi-C Uva – 250 ml,Bebibas,Tetra brick,965
8831300428,jpg,Jugo Kerns Tomate – 1000 ml,Bebibas,Tetra brick,880
744100170003,jpg,Refresco Hi-C Uva – 250 ml,Bebibas,Tetra brick,350
68113179968,jpg,Jugo Great Value Tomate Almeja Original – 1890 ml,Bebibas,Botella de plástico,1840
7874206203,jpg,Jugo Great Value De Vegetales – 1890 ml,Bebibas,Botella de plástico,2250
744100173002,jpg,Refresco Hi-C Frutas – 1000 ml,Bebibas,Tetra brick,965
744100173004,jpg,Refresco Hi-C Manzana – 1000 ml,Bebibas,Tetra brick,965
744100162304,jpg,Nectar Dos Pinos De Pera – 1000 ml,Bebibas,Tetra brick,965
744100162305,jpg,Nectar Dos Pinos De Manzana – 1000 ml,Bebibas,Tetra brick,925
744100162308,jpg,Nectar Dos Pinos De Melocoton – 1000 ml,Bebibas,Tetra brick,925
744100162306,jpg,Nectar Dos Pinos De Frutas – 1000 ml,Bebibas,Tetra brick,835
60538892660,jpg,Jugo Great Value Naranja – 1000 ml,Bebibas,Tetra brick,940
744100162318,jpg,Nectar Dos Pinos Mango – 1000 ml,Bebibas,Tetra brick,835
744100161820,jpg,Refresco Dos Pinos Disfruta Delicitrus – 3000 ml,Bebibas,Botella de plástico,950
744100356012,jpg,Jugo Del Valle Fresh Naranja – 500 ml,Bebibas,Botella de plástico,510
744100170005,jpg,Refresco Hi-C Pera – 250 ml,Bebibas,Tetra brick,405
7535511216,jpg,Jugo Old Orchard 100% Uva – 1890 ml,Bebibas,Botella de plástico,2850
76400945271,jpg,Refresco Tropical Te Melocoton – 350 ml,Bebibas,Botella de plástico,540
3673100247,jpg,Bebida Gatorade Hidratante Berry Blue – 350 ml,Bebibas,Botella de plástico,600
76400920201,jpg,Agua Cristal – 355 ml,Bebibas,Botella de plástico,560
76400904363,jpg,Bebida Jet Cero – 350 ml,Bebibas,Botella de plástico,575
76400900838,jpg,Refrescp Tropical Te Blanco – 350 ml,Bebibas,Botella de plástico,540
744100359610,jpg,Agua Alpina Purificada Tapa Rosca – 355 ml,Bebibas,Botella de plástico,490
744100161407,jpg,Bebida Dos Pinos Aloe Vera Natural – 1500 ml,Bebibas,Botella de plástico,2150
880904142091,jpg,Bebida Okf Aloe Vera King – 1500 ml,Bebibas,Botella de plástico,2430
744107821567,jpg,Bebida Great Value Aloe Vera – 1500 ml,Bebibas,Botella de plástico,1750
76400902493,jpg,Bebida Vitaloe Aloe Value – 1500 ml,Bebibas,Botella de plástico,2200
88439400077,jpg,Bebida Okf Aloe Vera King – 500 ml,Bebibas,Botella de plástico,850
88439400251,jpg,Bebida Okf Aloe Vera King Sin Azucar – 500 ml,Bebibas,Botella de plástico,1260
76400902494,jpg,Bebida Vitaloe Aloe Value – 500 ml,Bebibas,Botella de plástico,850
744100161628,jpg,Bebida Dos Pinos Aloe Vera Light – 500 ml,Bebibas,Botella de plástico,750
744100161406,jpg,Bebida Dos Pinos Aloe Vera Natural – 500 ml,Bebibas,Botella de plástico,840
880904142092,jpg,Bebida Okf Aloe Vera King – 500 ml,Bebibas,Botella de plástico,1220
3384400240,jpg,Bebida Badia Agua Coco Pulpa – 310 ml,Bebibas,Lata de aluminio,950
744100904315,jpg,Refresco Evervess Soda – 600 ml,Bebibas,Botella de plástico,740
744100357048,jpg,Refresco Canada Dry – 600 ml,Bebibas,Botella de plástico,820
744100357148,jpg,Refresco Canada Dry Ginger Ale – 600 ml,Bebibas,Botella de plástico,820
744100354548,jpg,Gaseosa Fresca Toronja – 600 ml,Bebibas,Botella de plástico,820
744100907011,jpg,Refresco 7Up Gaseosa – 600 ml,Bebibas,Botella de plástico,750
76400900395,jpg,Refresco Milory Gaseosa Uva – 600 ml,Bebibas,Botella de plástico,700
76400900727,jpg,Refresco Milory Toronja – 600 ml,Bebibas,Botella de plástico,680
744100903533,jpg,Refresco Gaseoso Mirinda – 600 ml,Bebibas,Botella de plástico,750
744100352248,jpg,Refresco Fanta Gaseosa Kolita – 600 ml,Bebibas,Botella de plástico,820
744100352048,jpg,Refresco Fanta Gaseosa Naranja – 600 ml,Bebibas,Botella de plástico,820
744100352148,jpg,Refresco Fanta Gaseosa Uva – 600 ml,Bebibas,Botella de plástico,820
744100357223,jpg,Refresco Canada Dry Quinada – 355 ml,Bebibas,Lata de aluminio,680
744100357123,jpg,Refresco Gaseosa Canada Dry Ginger Ale – 355 ml,Bebibas,Lata de aluminio,700
800227091658,jpg,Agua San Pellegrino Quinada – 330 ml,Bebibas,Lata de aluminio,1000
800227016653,jpg,Agua San Pellegrino Limonata Quinada – 330 ml,Bebibas,Lata de aluminio,1340
744100350200,jpg,2 Pack Gaseosa Coca Cola Sin Azucar 2500 ml,Bebibas,Botella de plástico,2400
744100904314,jpg,Refresco Evervess Ginger Ale – 600 ml,Bebibas,Botella de plástico,750
744100904316,jpg,Refresco Evervess Quinada – 600 ml,Bebibas,Botella de plástico,750
76400900620,jpg,Refresco Mug Zarza – 600 ml,Bebibas,Botella de plástico,750
800227057656,jpg,Agua San Pellegrino Pompelmo Quinada – 330 ml,Bebibas,Lata de aluminio,1340
744100359703,jpg,2 Pack Gaseosa Coca Cola Sin Fresca 2000 ml,Bebibas,Botella de plástico,4320
744100359758,jpg,2 Pack Gaseosa Coca Cola Original Con Squirt – 2000 ml,Bebibas,Botella de plástico,2750
770209003192,jpg,Refresco Gaseosa Postobon Manzana – 400 ml,Bebibas,Botella de plástico,398
744100350283,jpg,3 Pack Refresco Coca Cola Fuze Squirt – 2000 ml,Bebibas,Botella de plástico,3250
744100354522,jpg,Gaseosa Fresca Toronja – 355 ml,Bebibas,Botella de plástico,435
744100359622,jpg,Gaseosa Fanta Uva – 355 ml,Bebibas,Botella de plástico,435
744100359621,jpg,Gaseosa Fanta Naranja – 355 ml,Bebibas,Botella de plástico,435
76400900621,jpg,Refresco Mug Zarza – 3000 ml,Bebibas,Botella de plástico,1700
76400900393,jpg,Refresco Milory Gaseosa Mandarina – 3000 ml,Bebibas,Botella de plástico,1000
744100352015,jpg,Refresco Gaseosa Fanta Naranja – 3000 ml,Bebibas,Botella de plástico,1930
744100903012,jpg,Refresco Gaseosa Milory Kolita – 3000 ml,Bebibas,Botella de plástico,1025
744100352215,jpg,Refresco Gaseosa Fanta Kolita – 3000 ml,Bebibas,Botella de plástico,1930
76400900604,jpg,Refresco Mirinda Gaseosa Piña – 3000 ml,Bebibas,Botella de plástico,1675
744100350198,jpg,Gaseosa Fanta Naranja Original – 2500 ml,Bebibas,Botella de plástico,1650
744100350199,jpg,Gaseosa Fanta Kolita – 2500 ml,Bebibas,Botella de plástico,1650
744100352023,jpg,Refresco Gaseosa Fanta Naranja – 354 ml,Bebibas,Lata de aluminio,680
770209000432,jpg,Refresco Gaseosa Postobon Manzana – 2000 ml,Bebibas,Botella de plástico,1420
76400904014,jpg,Refresco Gaseosa Milory Uva – 3000 ml,Bebibas,Botella de plástico,1025
744100350197,jpg,Gaseosa Fanta Uva – 2500 ml,Bebibas,Botella de plástico,1650
76400900602,jpg,Gaseosa 7Up Lima Limon – 3000 ml,Bebibas,Botella de plástico,1680
744100903016,jpg,Refresco Gaseosa Milory Toronja – 3000 ml,Bebibas,Botella de plástico,1025
744100354515,jpg,Refresco Gaseosa Fresca Toronja – 3000 ml,Bebibas,Botella de plástico,1800
744100354590,jpg,Gaseosa Fresca – 2500 ml,Bebibas,Botella de plástico,1580
744100352315,jpg,Refresco Squirt,Bebibas,Botella de plástico,980
87303900046,jpg,Bebida Cotuba Guarana – 2000 ml,Bebibas,Botella de plástico,800
76400900736,jpg,Gaseosa Evervess Ginger Ale 3000 ml,Bebibas,Botella de plástico,1315
744100357115,jpg,Refresco Canada Dry Ginger Ale – 3000 ml,Bebibas,Botella de plástico,1800
744100357181,jpg,Refresco Canada Dry Ginger Ale – 2000 ml,Bebibas,Botella de plástico,1410
744100357081,jpg,Refresco Gaseosa Canada Dry Quinada – 2000 ml,Bebibas,Botella de plástico,1410
750179167083,jpg,Bebida Great Value Arandano – 1000 ml,Bebibas,Tetra brick,1080
750179167085,jpg,Bebida Great Value Granada Manzana – 1000 ml,Bebibas,Tetra brick,1080
750179167086,jpg,Bebida Great Value Moras – 1000 ml,Bebibas,Tetra brick,1080
750179167084,jpg,Bebida Great Value Arandano Uva – 1000 ml,Bebibas,Tetra brick,1080
76400904200,jpg,3 Pack Gaseosa Pepsi Milory – 3000 ml,Bebibas,Botella de plástico,3000
76400904235,jpg,2 Pack Gaseosa Pepsi Tropical – 3000 ml,Bebibas,Botella de plástico,2115
744100904304,jpg,Soda Evervess 2 lt,Bebibas,Botella de plástico,1170
744100904302,jpg,Gaseosa Evervess Ginger Ale 2 lt,Bebibas,Botella de plástico,1000
744100350111,jpg,Refresco Gaseosa Fresca Retornable 2L,Bebibas,Botella de plástico,965
62022120001,jpg,Refresco Jones Soda Fresa Lima – 355 ml,Bebibas,Botella de vidrio,1050
87303900045,jpg,Bebida Cotuba Guarana – 600 ml,Bebibas,Botella de plástico,500
76400902849,jpg,Refresco Pepsi Gaseosa Black – 355 ml,Bebibas,Botella de plástico,380
76400901879,jpg,Refresco Mirinda Gaseosa Piña – 355 ml,Bebibas,Botella de plástico,354
744100357122,jpg,Refresco Canada Dry – 355 ml,Bebibas,Botella de plástico,490
744100359623,jpg,Refresco Fanta Kolita – 355 ml,Bebibas,Botella de plástico,490
76400901058,jpg,Refresco Pepsi Gaseosa – 355 ml,Bebibas,Botella de plástico,430
76400920341,jpg,Agua Cristal – 6000 ml,Bebibas,Botella de plástico,2090
744100359002,jpg,Agua Alpina Purificada – 6000 ml,Bebibas,Botella de plástico,2700
63256500001,jpg,Agua Fiji Artesanal – 500 ml,Bebibas,Botella de plástico,1200
800227013655,jpg,Agua Gasificada San Pellegrino 500 ml,Bebibas,Botella de plástico,905
800227056655,jpg,Agua Gasificada San Pellegrino 1000 ml,Bebibas,Botella de plástico,1565
750179163118,jpg,Agua Great Value Purificada 1 lt,Bebibas,Botella de plástico,500
744100163049,jpg,Agua Dos Pinos Alma – 1000 ml,Bebibas,Botella de plástico,655
76400900800,jpg,Agua Cristal Manantial – 1000 ml,Bebibas,Botella de plástico,720
744100359953,jpg,Agua Alpina Purificada – 1000 ml,Bebibas,Botella de plástico,650
744100359998,jpg,Agua Alpina Purificada – 1750 ml,Bebibas,Botella de plástico,1060
744100359081,jpg,Agua Alpina Botella – 2000 ml,Bebibas,Botella de plástico,1160
744100163050,jpg,Agua Dos Pinos Alma – 600 ml,Bebibas,Botella de plástico,515
744100359046,jpg,Agua Purificada Alpina Taparosca – 600 ml,Bebibas,Botella de plástico,600
744100359048,jpg,Agua Alpina Botella – 600 ml,Bebibas,Botella de plástico,630
76400920261,jpg,Agua Cristal Manantial – 600 ml,Bebibas,Botella de plástico,720
76400920221,jpg,Agua Cristal Manantial – 600 ml,Bebibas,Botella de plástico,500
7874204037,jpg,Agua Great Value Purificada 500 ml,Bebibas,Botella de plástico,260
78616200369,jpg,Agua Smart Water – 500 ml,Bebibas,Botella de plástico,900
744100162275,jpg,Agua Dos Pinos Alma Fresa Limon – 600 ml,Bebibas,Botella de plástico,510
744100162276,jpg,Agua Dos Pinos Alma Pera Sandia – 600 ml,Bebibas,Botella de plástico,510
76400904359,jpg,Refresco Jet – 1250 ml,Bebibas,Botella de plástico,1120
76400900457,jpg,Bebida Energizante Maxxx Energy Jet – 600 ml,Bebibas,Botella de plástico,780
76400904362,jpg,Bebida Energizante Jet Zero – 600 ml,Bebibas,Botella de plástico,765
740100070772,jpg,Bebida Raptor Energizante – 600 ml,Bebibas,Botella de plástico,680
744301162612,jpg,Suspiros Sweetwell Dulce Leche – 15 g,Snacks,Bolsa Aluminio,820
744301162567,jpg,Suspiros Sweetwell Fresa – 15 g,Snacks,Bolsa Aluminio,850
744301162683,jpg,Chocolates Sweetwell Con Arroz Sin Azucar – 40 g,Snacks,Bolsa Aluminio,1000
744301162682,jpg,Chocolates Sweetwell Con Arandanos Sin Azucar – 40 g,Snacks,Bolsa Aluminio,1100
744100072112,jpg,Snack Rumba Patacones – 60 g,Snacks,Bolsa Aluminio,630
744301162681,jpg,Chocolates Sweetwell Con Piña Sin Azucar – 40 g,Snacks,Bolsa Aluminio,1000
744100070370,jpg,Tronaditas Tosty Snack Limon y Sal – 35 g,Snacks,Bolsa Aluminio,270
744100070753,jpg,Chirulitos Tosty Snack – 48 g,Snacks,Bolsa Aluminio,270
744100072235,jpg,Pizzerolas Tosty Pizza – 45 g,Snacks,Bolsa Aluminio,270
744100101828,jpg,Palomita Maiz Jacks Popi Caramelo – 27 g,Snacks,Bolsa Aluminio,270
744100070752,jpg,Papas Tostadas Papiolas Queso – 30 g,Snacks,Bolsa Aluminio,270
770200704915,jpg,Barra Tosh Cereal Arandanos Y Nueces – 32 g,Snacks,Paquete plástico,370
770200704913,jpg,Barra Tosh Cereal Chocolate – 32 g,Snacks,Paquete plástico,370
770200704911,jpg,Barra Tosh Cereal Lyne Sin Azucar – 32 g,Snacks,Paquete plástico,370
744100571258,jpg,Semilla Pro Mixta – 40 g,Snacks,Bolsa Aluminio,620
770200704814,jpg,Mani Gra Nuts Salado – 50 g,Snacks,Bolsa Aluminio,340
76057307946,jpg,Semilla Cashitas Marañon Horneada – 40 g,Snacks,Bolsa Aluminio,840
770200704822,jpg,Mani Gra Nuts Con Limon 50 g,Snacks,Bolsa Aluminio,390
770200704816,jpg,Mani Gra Nuts Con Pasas 50 g,Snacks,Bolsa Aluminio,390
76057307945,jpg,Marañon Cashitas Con Salcashitas – 40 g,Snacks,Bolsa Aluminio,850
744100100103,jpg,Picaronas Jacks Queso Nachi Picante – 30 g,Snacks,Bolsa Aluminio,220
744100100120,jpg,Picaritas Jacks – 30 g,Snacks,Bolsa Aluminio,190
744100100086,jpg,Meneitos Jacks 25 g,Snacks,Bolsa Aluminio,200
775016800069,jpg,Galletas Chips Ahoy Mini -50 g,Snacks,Bolsa Aluminio,380
3800084524,jpg,Snack Pringles Papas Sabor Original 67 g,Snacks,Tarro Cartón,1050
3800084526,jpg,Snack Pringles Papas Sabor Queso 71 g,Snacks,Tarro Cartón,1050
3800084525,jpg,Snack Pringles Papas Sabor Cebolla 71 g,Snacks,Tarro Cartón,1050
7874200344,jpg,Chips Great Value Originales Single – 28 g,Snacks,Bolsa Aluminio,400
7874200343,jpg,Chips Great Value De Crema Agria Y Cebolla – 28 g,Snacks,Bolsa Aluminio,400
2840001208,jpg,Papas Frito Lay Ruffles – 49.6 g,Snacks,Bolsa Aluminio,850
2840001210,jpg,Doritos Frito Lay Tostada Nachos – 60 g,Snacks,Bolsa Aluminio,840
745101130032,jpg,Cheetos Frito Lay Chruchy Queso – 34 g,Snacks,Bolsa Aluminio,370
2840001207,jpg,Lays Papas Frito Lay Classic – 42.5 g,Snacks,Bolsa Aluminio,510
2840006586,jpg,Lays Papas Frito Lay Crema Cebolla – 42.5 g,Snacks,Bolsa Aluminio,840
2840001206,jpg,Lays Papas Frito Lay BBQ – 42.5 g,Snacks,Bolsa Aluminio,840
744116391001,jpg,Platanitos Salados Soldanza – 42 g,Snacks,Bolsa Aluminio,350
744116393001,jpg,Yuquitas Soldanza – 32 g,Snacks,Bolsa Aluminio,350
744100070444,jpg,Quesitos De Queso Horneados Tosty – 50 g,Snacks,Bolsa Aluminio,270
75089461164,jpg,Palomita Maiz Yummies Pops Queso – 30 g,Snacks,Bolsa Aluminio,354
75089461165,jpg,Palomita Maiz Yummies Pops Sal Marina – 30 g,Snacks,Bolsa Aluminio,400
744301162566,jpg,Suspiros Sweetwell Vainilla – 15 g,Snacks,Bolsa Aluminio,850
74875700725,jpg,Alboroto Diana Maiz Sabor Caramelo – 90 g,Snacks,Bolsa Aluminio,470
74875700722,jpg,Tortillas Diana Jalapeños – 75 g,Snacks,Bolsa Aluminio,470
744100100088,jpg,Barquillos Jacks Cubiertos Chocolate – 65 g,Snacks,Bolsa plástico,530
74875700717,jpg,Quesitos Diana De Maiz – 45 g,Snacks,Bolsa Aluminio,470
74875700719,jpg,Scentavitos Diana De Maiz – 40 g,Snacks,Bolsa Aluminio,470
75089461175,jpg,Snack Ranchitas Nachos De Queso – 70 g,Snacks,Bolsa Aluminio,440
75089461174,jpg,Snack Ranchitas Nachos Excitante – 70 g,Snacks,Bolsa Aluminio,440
75089460975,jpg,Ranchitas Queso Yummix – 70 g,Snacks,Bolsa Aluminio,450
76057307948,jpg,Nueces Cashitas Mixtas Con Semillas – 40 g,Snacks,Bolsa Aluminio,850
76057307947,jpg,Nueces Cashitas Mixtas Con Semillas Y Pasas – 40 g,Snacks,Bolsa Aluminio,850
75089460976,jpg,Ranchitas Yummies Nachos Exitante – 70 g,Snacks,Bolsa Aluminio,450
744300114123,jpg,Galletas Cosecha Dorada Soya Vainilla – 45 g,Snacks,Bolsa Aluminio,450
87361700032,jpg,Lonchera Nutri Snack Saladas – 315 g,Snacks,Bolsa plástico,4000
744300114091,jpg,4 Pack Palitos Cosecha Dorada Ajonjoli – 189 g,Snacks,Bolsa plástico,1980
744300114210,jpg,Palitos Cosecha Dorada Integral Dulce 6 Unidades,Snacks,Bolsa plástico,3650
7874218936,jpg,Snack Great Value Tortilla Con Pizca De Limon – 368 g,Snacks,Bolsa plástico,1560
744300114185,jpg,6 Pack Palitos Cosecha Dorada Integral Pizza – 240 g,Snacks,Bolsa Aluminio,3350
2840001748,jpg,Snack Frito Lay Tostitos Crispy Rounds 283.5 g,Snacks,Bolsa plástico,2660
744300114186,jpg,6 Pack Palitos Cosecha Dorada Integral De Queso – 240 g,Snacks,Bolsa plástico,3600
2840001745,jpg,Snack Frito Lay Tostitos Original 284 g,Snacks,Bolsa plástico,2660
744300114177,jpg,Palitos Cosecha Dorada Ajonjoji – 270 g,Snacks,Bolsa Aluminio,3380
7874209320,jpg,Snack Tortilla Great Value Glacier Ranch – 311 g,Snacks,Bolsa Aluminio,1450
744300114160,jpg,Palitos Cosecha Dorada Integral Queso – 100 g,Snacks,Bolsa Aluminio,1300
2840001843,jpg,Snack Frito Lay Tostitos Scoops 283 g,Snacks,Bolsa plástico,2255
2840001729,jpg,Doritos Frito Lay Tostada Nachos – 198.4 g,Snacks,Bolsa Aluminio,2255
744300114206,jpg,Palitos Cosecha Dorada Integral Dulce 125 g,Snacks,Bolsa Aluminio,1650
744300114048,jpg,Palitos Cosecha Dorada Ajonjoji – 200 g,Snacks,Bolsa Aluminio,1500
75695996001,jpg,Palitos Seed Integrales Ajonjoli – 100 g,Snacks,Bolsa plástico,1400
75695996002,jpg,Palitos Seed Integrales Ajonjoli – 200 g,Snacks,Bolsa plástico,2100
75695996014,jpg,Palitos Seed Integrales Ajonjoli Sweet – 200 g,Snacks,Bolsa Aluminio,2300
7797503409,jpg,Sticks Snyders Prestzels – 255 g,Snacks,Bolsa plástico,2720
75695977002,jpg,Galletas Bioland Arroz Integral Biocake – 100 g,Snacks,Bolsa plástico,2400
87361700377,jpg,6 Pack Palitos Nutri Snacks Mixtos – 240 g,Snacks,Bolsa Aluminio,2500
87361700436,jpg,Rosquillas Nutri Snack Biscolite – 100 g,Snacks,Bolsa Aluminio,1580
87361700090,jpg,Lonchera Nutri Snack Reduce En Gasa – 226 g,Snacks,Bolsa Aluminio,2150
744111100000,jpg,Bizcocho Nuria De Maiz Con Queso – 100 g,Snacks,Bolsa plástico,780
744115590307,jpg,Bizcocho Palmareño De maiz Light – 100 g,Snacks,Bolsa Aluminio,900
744300114159,jpg,Palitos Cosecha Dorada Pizza – 100 g,Snacks,Bolsa Aluminio,1220
87361700028,jpg,Rosquillas Nutri Snack Maiz Queso Cheddar – 100 g,Snacks,Bolsa Aluminio,1120
87361700017,jpg,Rosquillas Nutri Snack De Maiz – 100 g,Snacks,Bolsa Aluminio,1150
744100072524,jpg,Tosty Rumba Sabor Tico – 275 g,Snacks,Bolsa plástico,800
87361700019,jpg,Palitos Nutri Snack De Maiz Y Queso Cheddar Lite – 200 g,Snacks,Bolsa Aluminio,2200
744100072404,jpg,Rumba Tosty Nachos Sabor Tico – 275 g,Snacks,Bolsa plástico,800
7874211457,jpg,Snack Great Value Tortilla Con Nacho Sabor Queso – 311 g,Snacks,Bolsa plástico,1520
744100071390,jpg,Tortillas Rumba Redonditas – 300 g,Snacks,Bolsa plástico,1180
7874208162,jpg,Snack Great Value Tortilla Dip – 283 g,Snacks,Bolsa Aluminio,1200
744101250040,jpg,Chalupa Chips Tostadas 10 Unidades – 100 g,Snacks,Bolsa plástico,950
744101250030,jpg,Chalupa Chips Taco Shell 10 Unidades – 110 g,Snacks,Bolsa plástico,1000
744102950024,jpg,Tortilla Milpa Real – 175 g,Snacks,Bolsa plástico,1000
2840001458,jpg,Nacho Doritos 92.1 g,Snacks,Bolsa Aluminio,930
2840001709,jpg,Nachos Frito Lay Doritos Cooler Ranch – 198 g,Snacks,Bolsa Aluminio,2660
72128230039,jpg,Nachos Frito Lay Doritos – 150 g,Snacks,Bolsa Aluminio,930
744100571049,jpg,Toreaditos Pro Barbacoa – 160 g,Snacks,Bolsa Aluminio,850
1600015990,jpg,Snack Chex Mix Tradicional – 248 g,Snacks,Bolsa Aluminio,1820
1600015840,jpg,Snack Chex Mix Queso Cheddar – 248 g,Snacks,Bolsa Aluminio,1820
7797508731,jpg,Snayders Sticks Pretzel – 226 g,Snacks,Bolsa plástico,1700
744102900046,jpg,Bizcochos Norteños Tradicional – 175 g,Snacks,Bolsa plástico,1500
744102900010,jpg,Biscocho La Feria Del Maiz – 200 g,Snacks,Bolsa plástico,1500
744100100203,jpg,Bizcochos  Jacks Lilliana Bolsa – 100 g,Snacks,Bolsa plástico,1000
744107822770,jpg,Bizcocho Sabemas De Maiz – 100 g,Snacks,Bolsa plástico,770
744115590153,jpg,Bizcocho Palmareño De Maiz – 175 g,Snacks,Bolsa plástico,1450
744100100596,jpg,Tortillas Mejitos Fiesta Jacks Tostadas – 250 g,Snacks,Bolsa Aluminio,900
744100071391,jpg,Tortillas Rumba – 300 g,Snacks,Bolsa plástico,1000
744100071058,jpg,Snack Rumba Tortillas Redonditas – 175 g,Snacks,Bolsa plástico,770
72128230011,jpg,Snack Tortrix Maiz Con Limon – 180 g,Snacks,Bolsa Aluminio,900
72128230008,jpg,Snack Tortrix BBQ – 180 g,Snacks,Bolsa Aluminio,900
76896502123,jpg,Chalupa P’picar – 170 g,Snacks,Bolsa plástico,910
75089460639,jpg,Boquitas Yummies Nachos Exitante – 150 g,Snacks,Bolsa Aluminio,650
75089460242,jpg,Boquitas Yummies Nachos Con Queso – 150 g,Snacks,Bolsa Aluminio,650
744100571139,jpg,Toreaditos Pro Frito Nacho CHile – 90 g,Snacks,Bolsa Aluminio,550
744100571038,jpg,Snack Pro Toreaditos Barbacoa – 90 g,Snacks,Bolsa Aluminio,530
744100100606,jpg,Mejitos Maiz Blanco Jacks – 250 g,Snacks,Bolsa Aluminio,1120
744100100379,jpg,Mejitos Super Nachos – 300 g,Snacks,Bolsa Aluminio,1120
744100101708,jpg,Mejitos Jacks – 175 g,Snacks,Bolsa plástico,700
744100100488,jpg,Mejitos Jacks – 300 g,Snacks,Bolsa plástico,1000
744100100806,jpg,Snackers Jacks Pita Parmersan – 300 g,Snacks,Bolsa Aluminio,1400
744100100751,jpg,Snackers Jacks Pita Chips – 175 g,Snacks,Bolsa Aluminio,1150
744100100827,jpg,Snackers Jacks Pita Chips Jalapeños – 175 g,Snacks,Bolsa Aluminio,1150
72128230017,jpg,Snack Tortrix Maiz Con Chicharron – 150 g,Snacks,Bolsa Aluminio,900
75752802894,jpg,Snack Takis Fuego – 190 g,Snacks,Bolsa Aluminio,750
75752802907,jpg,Snack Barcel Takis Xplosion – 190 g,Snacks,Bolsa Aluminio,750
75752802458,jpg,Snack Takis Original – 190 g,Snacks,Bolsa Aluminio,750
2840001205,jpg,Fritos Frito Lat Original – 77.9 g,Snacks,Bolsa Aluminio,930
744107820269,jpg,Hojuelas Sabemas De Maiz Con Barbacoa – 90 g,Snacks,Bolsa Aluminio,390
744100571039,jpg,Boquitas Pro Toreaditos Limon Y Sal – 90 g,Snacks,Bolsa Aluminio,550
76896503343,jpg,Tortilla P’picar Tostaditas De Maiz – 140 g,Snacks,Bolsa plástico,530
76896500002,jpg,Tortilla P’picar Tostaditas De Maiz – 250 g,Snacks,Bolsa plástico,770
744100101308,jpg,Snack Jacks Picaronas – 150 g,Snacks,Bolsa Aluminio,835
744100101408,jpg,Snack Jacks Picaronas Con Chile – 150 g,Snacks,Bolsa Aluminio,835
744100100763,jpg,Snack Jacks Picaronas Jumbo Picante – 300 g,Snacks,Bolsa Aluminio,1300
744100100647,jpg,Waves Jacks Cebolla – 150 g,Snacks,Bolsa Aluminio,800
744100100610,jpg,Picarona Jacks Pico De Gallo – 150 g,Snacks,Bolsa Aluminio,835
744100072436,jpg,Pizzerola Tosty Familiar – 175 g,Snacks,Bolsa plástico,800
75089460950,jpg,Snack Taquerito Yummies Chile Toreado – 180 g,Snacks,Bolsa Aluminio,740
744110710340,jpg,Kronchitos Kitty Borbaboa – 225 g,Snacks,Bolsa Aluminio,990
74875700020,jpg,Tortilla Diana De Maiz Jalapeñis – 160 g,Snacks,Bolsa Aluminio,1000
744101250010,jpg,Tortillas Chips Tostadas De Maiz – 220 g,Snacks,Bolsa plástico,1080
744100101108,jpg,Snack Jacks Picaritas – 150 g,Snacks,Bolsa Aluminio,835
744100100762,jpg,Picaritas Jacks Barbacoa – 300 g,Snacks,Bolsa Aluminio,1300
744100070824,jpg,Snack Tosty Chirulitos Familiar – 250 g,Snacks,Bolsa Aluminio,1150
744100070821,jpg,Tronaditas Tosty Snack Limon y Sal – 175 g,Snacks,Bolsa Aluminio,1020
74875700037,jpg,Churro Diana Alboroto – 200 g,Snacks,Bolsa Aluminio,800
74875700158,jpg,Boquitas Diana Elotitos Picantes – 183 g,Snacks,Bolsa plástico,860
75089460949,jpg,Snack Yummies Taquerito Queso Fusion – 180 g,Snacks,Bolsa Aluminio,720
744100100360,jpg,Snack Jacks Meneitos Super Queso – 125 g,Snacks,Bolsa Aluminio,950
744100102114,jpg,Boquitas Jacks Meneitos Clasitos – 115 g,Snacks,Bolsa Aluminio,900
744100102125,jpg,Snack Jacks Horneada Con Queso Meneitos – 56 g,Snacks,Bolsa Aluminio,560
2840002540,jpg,Cheetos Frito Lay – 255.1 g,Snacks,Bolsa Aluminio,1575
745101130098,jpg,Boquitas Cheetos Crunchys Horneados – 90 g,Snacks,Bolsa Aluminio,740
744100070825,jpg,Quesitos Tosty Familiar – 175 g,Snacks,Bolsa Aluminio,1250
744100070827,jpg,Tosty Bolitas De Queso – 100 g,Snacks,Bolsa Aluminio,890
744100100761,jpg,Meneitos Jacks 175 g,Snacks,Bolsa Aluminio,1450
744110710136,jpg,Snacks Kitty Horneados Maiz Rikos – 160 g,Snacks,Bolsa plástico,980
7874226308,jpg,Snacks Great Value Palitos De Queso Crujiente – 240 g,Snacks,Bolsa Aluminio,1550
744100070489,jpg,Snack Tosty Quesitos – 120 g,Snacks,Bolsa Aluminio,800
744100070290,jpg,Snack Tosty Quesitos – 116 g,Snacks,Bolsa Aluminio,790
744100100664,jpg,Chicharrito Jacks Sabor Natural – 75 g,Snacks,Bolsa Aluminio,1380
744100100486,jpg,Chicharron Barbacoa – 75 g,Snacks,Bolsa Aluminio,1350
744100100764,jpg,Chicharron Jumbo Con Pimineto Y Limon – 150 g,Snacks,Bolsa Aluminio,2200
72822901315,jpg,Snack Terra Sweets Y Beets – 170 g,Snacks,Bolsa Aluminio,2520
72822901450,jpg,Boquitas Terras Chips Sweets Potato – 141 g,Snacks,Bolsa Aluminio,2550
72822967901,jpg,Boquitas Terras Chips Blues – 142 g,Snacks,Bolsa Aluminio,2750
2840002357,jpg,Frito Lay Munchies – 262.2 g,Snacks,Bolsa Aluminio,2660
744100071198,jpg,Snack Tosty Mix Surtido – 300 g,Snacks,Bolsa Aluminio,1660
744100071351,jpg,Chicharron Rumba – 80 g,Snacks,Bolsa Aluminio,790
744100100484,jpg,Snack Jacks Chicharrones Con Pimienta Y Limon – 75 g,Snacks,Bolsa Aluminio,1400
75089460947,jpg,Boquita Yummies Mix Surtido – 190 g,Snacks,Bolsa Aluminio,1000
72128230141,jpg,Frito Lay Fiesta Snack – 330 g,Snacks,Bolsa Aluminio,1470
744116340775,jpg,Snack Tosh Arroz Silvestre – 156 g,Snacks,Bolsa Aluminio,1900
744116340774,jpg,Snack Tosh De Arroz Sal Marina – 156 g,Snacks,Bolsa Aluminio,1900
744116340773,jpg,Snack Tosh Tomate Secos Parmesano – 156 g,Snacks,Bolsa Aluminio,1900
82951530210,jpg,Boquitas Veggie Sea Salt – 141 g,Snacks,Bolsa Aluminio,2400
2840007765,jpg,Blue Corn Tostitos – 255 g,Snacks,Bolsa Aluminio,2660
744116391350,jpg,Platanos Soldanza Con Limon – 180 g,Snacks,Bolsa Aluminio,1000
744300713109,jpg,Snack Tumbis Platano – 350 g,Snacks,Bolsa plástico,2350
63412949778,jpg,Platano Lams Tira – 350 g,Snacks,Bolsa plástico,2500
744116391103,jpg,Snack Soldanza Maduritos – 160 g,Snacks,Bolsa Aluminio,1000
744102901123,jpg,Platano The Corn P Maduro Frito Con Sal – 90 g,Snacks,Bolsa plástico,740
744102901121,jpg,Platano The Corn P Verde Con Limon – 90 g,Snacks,Bolsa plástico,790
744100571208,jpg,Platano Pro Con Chicharron – 90 g,Snacks,Bolsa Aluminio,780
744100571000,jpg,Snack Pro Platano Maduro – 80 g,Snacks,Bolsa Aluminio,680
744107820794,jpg,Platano Sabemas Frito Verde Con Sal – 90 g,Snacks,Bolsa plástico,460
744100571295,jpg,Platano Pro Salado – 80 g,Snacks,Bolsa Aluminio,660
744100571050,jpg,Platanos Pro Limon Y Sal – 85 g,Snacks,Bolsa Aluminio,640
744100072376,jpg,Patacones Rumba Con Sal – 250 g,Snacks,Bolsa Aluminio,1830
744116393003,jpg,Yuquitas Soldanza – 135 g,Snacks,Bolsa Aluminio,800
744116392040,jpg,Snack Soldanza Bananitos – 180 g,Snacks,Bolsa Aluminio,1000
744116393503,jpg,Yuquitas Soldanza Crema Y Cebolla – 135 g,Snacks,Bolsa Aluminio,830
744116391202,jpg,Snack Soldanza Malanga – 135 g,Snacks,Bolsa Aluminio,1100
744116391004,jpg,Snack Soldanza Platanitos – 180 g,Snacks,Bolsa Aluminio,1000
744100571130,jpg,Snack Pro Yuca Crema Y Cebolla – 50 g,Snacks,Bolsa Aluminio,430
744100571334,jpg,Yucas Pro Saladas En Hojuelas – 120 g,Snacks,Bolsa Aluminio,850
75089461000,jpg,Papas Tostadas Yummies Zibas Mostaza Miel – 80 g,Snacks,Bolsa Aluminio,880
75752804049,jpg,Snack Barcel Chips Jalapeño – 170 g,Snacks,Bolsa Aluminio,1300
75752804046,jpg,Snack Barcel Chips Fuego – 170 g,Snacks,Bolsa Aluminio,1300
75752803890,jpg,Snack Barcel Chips Sal – 170 g,Snacks,Bolsa Aluminio,1900
744100070158,jpg,Papas Tosty Deluxe – 150 g,Snacks,Bolsa Aluminio,1380
744106590005,jpg,Papas Papi Fress Familiar – 250 g,Snacks,Bolsa plástico,2680
